{"RuleTriggered": 0, "Violations": 0, "Details": {"pin_memory": false, "num_workers": 0, "cores": 36, "dataloaders": 1, "dataloading_time": {"p25": 0.018294, "p50": 0.022470999999999998, "p95": 0.02324625, "probs": [1, 0, 0, 0, 0, 0, 0, 0, 0, 0, 0, 0, 0, 0, 0, 0, 0, 0, 0, 0, 0, 0, 0, 0, 0, 0, 0, 0, 0, 0, 0, 0, 0, 0, 0, 0, 0, 0, 0, 0, 0, 0, 0, 0, 0, 0, 0, 0, 0, 0, 0, 0, 0, 0, 0, 0, 0, 0, 0, 0, 0, 0, 0, 0, 0, 0, 0, 0, 0, 0, 0, 0, 0, 0, 0, 0, 0, 0, 0, 0, 0, 0, 0, 0, 0, 0, 0, 0, 0, 0, 0, 0, 0, 1, 0, 0, 1, 0, 0, 1], "binedges": [0.006597, 0.0067643700000000005, 0.0069317400000000005, 0.0070991100000000005, 0.0072664800000000005, 0.0074338500000000005, 0.0076012200000000005, 0.0077685900000000006, 0.00793596, 0.00810333, 0.0082707, 0.00843807, 0.00860544, 0.00877281, 0.00894018, 0.00910755, 0.00927492, 0.00944229, 0.00960966, 0.00977703, 0.0099444, 0.01011177, 0.01027914, 0.01044651, 0.010613880000000001, 0.010781250000000001, 0.010948620000000001, 0.011115990000000001, 0.011283360000000001, 0.011450730000000001, 0.011618100000000001, 0.011785470000000001, 0.011952840000000001, 0.012120210000000001, 0.012287580000000001, 0.012454950000000001, 0.012622320000000001, 0.012789690000000001, 0.012957060000000001, 0.013124430000000001, 0.013291800000000001, 0.013459170000000001, 0.013626540000000001, 0.013793910000000001, 0.013961280000000001, 0.014128650000000001, 0.014296020000000001, 0.014463390000000001, 0.014630760000000001, 0.014798130000000001, 0.014965500000000001, 0.015132870000000001, 0.015300240000000001, 0.015467610000000001, 0.01563498, 0.01580235, 0.01596972, 0.01613709, 0.01630446, 0.01647183, 0.0166392, 0.01680657, 0.01697394, 0.01714131, 0.01730868, 0.01747605, 0.01764342, 0.01781079, 0.01797816, 0.01814553, 0.0183129, 0.01848027, 0.01864764, 0.01881501, 0.01898238, 0.01914975, 0.01931712, 0.01948449, 0.01965186, 0.01981923, 0.0199866, 0.02015397, 0.02032134, 0.02048871, 0.02065608, 0.02082345, 0.02099082, 0.02115819, 0.02132556, 0.02149293, 0.0216603, 0.02182767, 0.02199504, 0.02216241, 0.02232978, 0.02249715, 0.02266452, 0.02283189, 0.02299926, 0.02316663, 0.023334]}}, "Datapoints": 4, "RuleParameters": "min_threshold:70\nmax_threshold:200"}