{"RuleTriggered": 0, "Violations": 0, "Details": {"ratio": {"cpu_functions": 100.0}, "phase": {"Step:ModeKeys.GLOBAL": 48.35471675227995, "others": 51.64528324772005}, "phase_time": {}, "general": {"DataLoaderIterInitialize": 0.015813533496453282, "Forward": 99.97661734951865, "DataLoaderIter": 0.007569116984899866}, "CPU": {"dropout": 3.6753383547914993, "matmul": 10.612409627091271, "mm": 25.76250698522462, "NativeLayerNormBackward": 7.318944153177492, "native_layer_norm_backward": 7.317166246586937, "MmBackward": 16.548069885201347, "GeluBackward": 14.383000865589683, "gelu_backward": 14.382563882337166}, "CPU_total": {"dropout": 2329766, "matmul": 6727117, "mm": 16330636, "NativeLayerNormBackward": 4639417, "native_layer_norm_backward": 4638290, "MmBackward": 10489682, "GeluBackward": 9117263, "gelu_backward": 9116986}}, "Datapoints": 0, "RuleParameters": ""}